{
  "default": {
    "Rasa Demo - Configuration 1": {
      "entity_prediction": {
        "macro_avg": {
          "f1-score": 0.8439612155511906,
          "precision": 0.8928145686878677,
          "recall": 0.8505867162712345,
          "support": 1451
        },
        "micro_avg": {
          "f1-score": 0.8802499132245749,
          "precision": 0.8867132867132868,
          "recall": 0.8738800827015851,
          "support": 1451
        },
        "weighted_avg": {
          "f1-score": 0.8795120459917696,
          "precision": 0.8962881808799879,
          "recall": 0.8738800827015851,
          "support": 1451
        }
      },
      "intent_classification": {
        "macro_avg": {
          "f1-score": 0.39396343663157196,
          "precision": 0.6152770784589695,
          "recall": 0.3412664077499422,
          "support": 4950
        },
        "micro_avg": {
          "f1-score": 0.8144018583042975,
          "precision": 0.9579234972677596,
          "recall": 0.7082828282828283,
          "support": 4950
        },
        "weighted_avg": {
          "f1-score": 0.7571805042281962,
          "precision": 0.89504509788388,
          "recall": 0.7082828282828283,
          "support": 4950
        }
      },
      "response_selection": {
        "accuracy": 0.8278647147905098,
        "macro_avg": {
          "f1-score": 0.6128055852643406,
          "precision": 0.6404843224661372,
          "recall": 0.6527552082927716,
          "support": 1981
        },
        "weighted_avg": {
          "f1-score": 0.77835090522873,
          "precision": 0.7812937731413816,
          "recall": 0.8278647147905098,
          "support": 1981
        }
      },
      "story_prediction": {
        "accuracy": 0.9206349206349206,
        "macro_avg": {
          "f1-score": 0.820486111111111,
          "precision": 0.822530864197531,
          "recall": 0.8363095238095238,
          "support": 189
        },
        "weighted_avg": {
          "f1-score": 0.915299823633157,
          "precision": 0.9200470311581422,
          "recall": 0.9206349206349206,
          "support": 189
        }
      }
    }
  }
}
